name	value
PATH	/usr/local/sbin:/usr/local/bin:/usr/sbin:/usr/bin:/sbin:/bin:/usr/games:/usr/local/games:/snap/bin
HOME	$HOME
TMPDIR	/tmp
LC_ALL	C
PYTHONDONTWRITEBYTECODE	1
QWEN_LLAMA_SERVER	$HOME/Github/qwen-apu/.runtime/opt/llama.cpp-prod-census/build-raven2-vulkan-census/bin/llama-server
QWEN_LAUNCH_SCRIPT	$HOME/Github/qwen-apu/remote/qwen-launch.sh
QWEN_TEARDOWN_SCRIPT	$HOME/Github/qwen-apu/remote/qwen-teardown.sh
QWEN_INTENDED_GIT_HEAD	b60ffa867afc73d7b9553a0372ecb80b8bb06c6b
QWEN_INTENDED_PAYLOAD_SHA256	291049d52dfdaee3e2b02d7d8a74020904b8396e1be36e7d71e9705be98fde4e
QWEN_MODELS_DIRECTORY	$HOME/Github/qwen-apu/.runtime/models
QWEN_MODEL_ARTIFACTS	$HOME/Github/qwen-apu/remote/model-artifacts.tsv
QWEN_RESULT_DIRECTORY	$HOME/Github/qwen-apu/.runtime/results/08b-attribution-20260905T1835Z/calibration/arms/20-I0
QWEN_CONTEXT_SIZE	8192
QWEN_BATCH_SIZE	128
QWEN_UBATCH_SIZE	32
QWEN_CACHE_TYPE_K	q8_0
QWEN_CACHE_TYPE_V	q4_0
QWEN_FLASH_ATTN	on
QWEN_CTX_CHECKPOINTS	2
QWEN_CHECKPOINT_MIN_STEP	8192
QWEN_SPEC_TYPE	off
QWEN_BACKEND_SAMPLING	0
QWEN_SPEC_BACKEND_SAMPLING	0
QWEN_ROUTER	0
QWEN_INFERENCE_CPU	0
QWEN_BIND_HOST	127.0.0.1
QWEN_LATENCY_MODE	observe
QWEN_REQUIRE_API_KEY	0
QWEN_WEB_BROKER	0
QWEN_IMAGE_SERVICE	0
QWEN_VULKAN_LATENCY_PROBE	
QWEN_PIPELINE_CENSUS	
QWEN_PERF_LOGGER	
QWEN_EXECUTION_SURFACE	qwen-laptop-ssh
QWEN_HOST_SHORTNAME	qwen-laptop
QWEN_SSH_SESSION	present
QWEN_EXECUTION_PROOF	$HOME/Github/qwen-apu/.runtime/results/08b-attribution-20260905T1835Z/calibration/campaign-inputs.tsv
QWEN_EXECUTION_PROOF_SHA256	9a99cf7bf8fa24d71d210dc3ad22e924d459e157db0cb0e75d39723ed9f6d102
QWEN_BENCH_GENERATE	64
QWEN_VULKAN_EXTERNAL_LEASE_PROOF	$HOME/Github/qwen-apu/.runtime/state/.census-vulkan-external-lease.647826.tsv
QWEN_STATE_DIRECTORY	$HOME/Github/qwen-apu/.runtime/state
