pipeline	id	name	constants	wg_denoms	subgroup	calls_per_graph	workgroups_per_graph	total_bracket_upper_bound_ms	pipeline_bracket_union_ms	exclusive_bracket_ms	ambiguous_overlap_ms	median_us	p90_us	p99_us	max_us	vgprs	sgprs	spilled_vgprs	lds	scratch	subgroups_per_simd	spirv_executed_sha256
pipeline	29	matmul_q4_k_f32_f16acc_aligned_s	64,32,32,32,32,32,2,2,2,1,64,1	32,32,1	0	162.000	15172.0	522.071	496.468	429.149	67.320	2024.3	5939.5	7965.3	10597.9	64	64	0	4608	0	4	85a4095ad4619519d7e7e23fdf68d68c9b8962206cf6046dc85e9bd61276f262
pipeline	28	matmul_q6_k_f32_f16acc_aligned_s	64,32,32,32,32,32,2,2,2,1,64,1	32,32,1	0	24.000	2720.0	161.754	161.754	150.746	11.009	6435.0	9609.6	14626.4	14626.4	64	64	0	4608	0	4	338ceaa67ba8db463d40a7a7e2def81ab71b262b3539d928dc0e65c939a0e447
pipeline	27	mul_mat_vec_q6_k_f32_f32	64,4,1	4,1,1	64	1.000	62080.0	29.205	29.205	29.205	0.000	29205.3	29205.3	29205.3	29205.3	64	48	0	512	0	4	d584d6b41c26085ac1bef3236b4c24e71f0e98ddcf63ff12da46381b0c12c779
pipeline	3	scale_f32	-	512,1,1	0	36.000	9864.0	22.599	22.599	0.147	22.451	686.6	965.6	1343.7	1343.7	4	32	0	0	0	10	9441ec09d452720ca49159c539936d6cccb75e272514b9f5344386baaf1d029d
pipeline	17	contig_cpy_f32_f32	-	512,1,1	0	18.000	9216.0	11.680	11.680	0.098	11.582	673.9	711.2	968.2	968.2	8	32	0	0	0	10	65ad91fafe69ecd250f575d3e64b2feab853293aca2e77b4b5d8adc5cb6a5297
pipeline	10	l2_norm_f32	-	1,1,1	0	36.000	10944.0	9.930	6.408	0.552	5.856	285.9	353.0	496.2	496.2	8	48	0	2048	0	10	a48a4f1949509e775f7c204c146ac883eb9e216a0656e120a74be5e1d215e24e
pipeline	16	gated_delta_net_f32_d128	128,0,64,8	1,1,8	64	18.000	4608.0	9.224	9.224	9.215	0.009	478.5	558.6	924.8	924.8	64	48	0	0	0	4	82506bf6a83dcccbd56107c5bd56f2f7848aea36a2237b8591d6db13539c33ba
pipeline	2	rms_norm_mul_f32	0,1	1,1,1	0	79.000	7543.0	6.813	6.813	6.778	0.035	36.5	215.4	300.3	429.1	40	96	0	2048	0	6	f8ff313d10a2b769f5600531fdf16d56075b901b5025f1f8aef9fe5a9f799193
pipeline	7	cpy_f32_f32	-	512,1,1	0	24.000	1104.0	6.345	6.345	0.218	6.128	323.6	364.6	501.0	501.0	16	48	0	0	0	10	42df294d98fcb62fe55a28d0606af612b3db2974fcfcd1f54a556df93914fe1c
pipeline	8	ssm_conv_silu_f32	32,16,0,1	32,16,1	0	18.000	6912.0	5.585	5.585	0.165	5.420	313.0	336.0	464.0	464.0	12	32	0	0	0	10	e5deee0b5cdb126d8de0c65a8a2b58cf1a5b4aae664cefee20adfa556837b3cc
pipeline	6	concat_i32	-	512,1,1	0	18.000	4752.0	3.719	3.719	3.626	0.093	190.0	227.2	426.9	426.9	24	48	0	0	0	10	6730d84ddc1d56579237fd0c9e08ed30249539e84ae9a3e3c3c81471e958c640
pipeline	20	swiglu_f32	-	512,1,1	0	24.000	5472.0	2.951	2.951	2.951	0.000	119.2	131.5	203.2	203.2	16	48	0	0	0	10	3f7566971cea1b0c06e0c6f211c001709dcd15cf0dc308c02f0b93c0502aacd6
pipeline	4	get_rows_f32_f32	-	512,1,1	0	37.000	9868.0	2.920	2.920	2.686	0.234	30.6	137.0	282.7	282.7	4	48	0	0	0	10	fafe80bdb8aa8cbc604b89086ca9c2b9f583a61aeb59485f0753411cf32f11b5
pipeline	19	add_f32_f32_f32_norepeat	1	512,1,1	0	48.000	3648.0	2.829	2.829	2.688	0.141	57.3	61.8	113.0	113.0	24	48	0	0	0	10	e9d1ca8ae73fa0394f7d210c8cb5f80812450d18f5a171721be082fb5e4ba60b
pipeline	14	mul_f32_f32_f32	0	512,1,1	0	18.000	18.0	1.498	1.498	0.065	1.433	7.3	8.3	1374.2	1374.2	24	64	0	0	0	10	6ad67ad0fc4a583fa1f84b76c5f0efd838711b4847b2566a6d1f871ea43ccccc
pipeline	18	mul_f32_f32_f32_norepeat	1	512,1,1	0	24.000	1824.0	1.456	1.456	1.385	0.070	57.9	67.0	115.4	115.4	24	48	0	0	0	10	6ad67ad0fc4a583fa1f84b76c5f0efd838711b4847b2566a6d1f871ea43ccccc
pipeline	30	flash_attn_f32_f16_aligned	256,8,32,256,256,0,8,4,64,0,2,0,8,2,34,18	8,1,1	64	6.000	144.0	1.447	1.447	1.205	0.242	244.2	250.2	257.9	257.9	84	80	0	5120	0	3	3cc1200f454f96a623755925419f8e9804b4e68cdcb540aae24dfe8de519d093
pipeline	15	silu_f32	-	512,1,1	0	18.000	1368.0	0.978	0.978	0.953	0.025	51.0	59.0	102.7	102.7	16	48	0	0	0	10	e20bc2d5aeffd5c5fe32f2d9fbbb7225959daeebbd356c5a88f303e18ad75795
pipeline	12	softplus_f32	-	512,1,1	0	18.000	18.0	0.778	0.778	0.068	0.711	4.6	5.4	699.0	699.0	16	48	0	0	0	10	ce00a9a0d18b3e3c33166257497ba64c9cd781f31a70935ae80ce5f292511916
pipeline	13	sigmoid_f32	-	512,1,1	0	24.000	474.0	0.409	0.409	0.343	0.066	5.6	53.6	55.8	55.8	16	48	0	0	0	10	e7f474fbf06ec2e6c12f0677bd429bfda8615560c00e43c7d553c05b65445bcf
pipeline	21	rope_multi_f32	-	1,512,1	0	12.000	1140.0	0.403	0.403	0.348	0.055	30.6	51.2	54.6	54.6	8	48	0	0	0	10	39e1c217020d1f89b8f019242240cd9e12ce578d34ddad4957e6badd2c21a9cd
pipeline	22	fwht_f32	64,64	1,1,1	64	12.000	1140.0	0.168	0.168	0.141	0.027	13.5	18.9	19.7	19.7	12	32	0	0	0	10	5c4b882c6eb2f31c1db6d38767961eb6f1285aa40903fcf53d13261fab2f86f1
pipeline	11	add_f32_f32_f32	0	512,1,1	0	18.000	18.0	0.136	0.136	0.128	0.008	7.0	8.3	15.5	15.5	24	64	0	0	0	10	e9d1ca8ae73fa0394f7d210c8cb5f80812450d18f5a171721be082fb5e4ba60b
pipeline	23	fwht_f32	64,256	1,1,1	64	12.000	288.0	0.133	0.133	0.100	0.033	11.0	16.2	16.3	16.3	24	32	0	0	0	10	5c4b882c6eb2f31c1db6d38767961eb6f1285aa40903fcf53d13261fab2f86f1
pipeline	24	set_rows_f32_q8_0_i64	1	1,1,1	0	6.000	60.0	0.069	0.069	0.023	0.047	11.7	12.0	12.2	12.2	36	48	0	0	0	7	427d0d6317f69c2f9b37fee9808878045f448c9784a933c4f46186dfc4c12f4e
pipeline	1	get_rows_q6_k_f32	-	1024,1,1	0	1.000	38.0	0.065	0.065	0.065	0.000	65.1	65.1	65.1	65.1	20	48	0	0	0	10	3251a3841eeda1de85ad3ed8abd3fc75d6e733913dcef1664d659c56ee3f828a
pipeline	25	set_rows_f32_q4_0_i64	1	1,1,1	0	6.000	60.0	0.051	0.051	0.004	0.047	8.6	8.8	8.8	8.8	36	48	0	0	0	7	791d4ebc56762d2f815849ddf1c60967eb7f537a7784ad1208cd5e02b96dfd8a
graphs	prefill	1	raw_bracket_sum_ms_per_graph=805.217	bracket_union_ms_per_graph=718.890	exclusive_ms_per_graph=643.051	ambiguous_overlap_ms_per_graph=75.838	same_pipeline_overlap_ms_per_graph=24.040	cross_pipeline_overlap_ms_per_graph=51.798	overlap_ms_per_graph=86.328	overlap_fraction=0.1201	cross_pipeline_overlap_fraction=0.0721	overlap_threshold=0.0500	ownership=inconclusive	queue_non_dispatch_ms_per_graph=2.433	queue_completion_span_ms_per_graph=721.323	retire_span_ms_per_graph=725.989	record_ms_per_graph=289.022	readback_ms_per_graph=0.063	dispatch_row_emit_ms_per_graph=0.208	total_emit_ms_per_graph=0.208	flush_ms_per_graph=0.000	residual_ms_per_graph=4.666	submits_per_graph=53.000	read_at=synchronize	device=Vulkan0	serialize_submissions=0	contexts=2	selected_context=2
