271	-0.234296203	271:-0.234296203;248046:-2.5656333
248068	-0.11858023	248068:-0.11858023;8804:-3.2686677
198	-0.252730161	198:-0.252730161;271:-1.49974334
90700	-0.216887146	90700:-0.216887146;760:-2.67978549
8340	-0.00911623426	8340:-0.00911623426;1817:-5.69419003
25	-9.15569253e-05	25:-9.15569253e-05;11:-10.7105331
271	-0.019765418	271:-0.019765418;198:-3.93882322
16	-0.00121947948	16:-0.00121947948;17:-7.87512255
13	-4.01743382e-05	13:-4.01743382e-05;11:-11.8533478
220	-0.000856766477	220:-0.000856766477;2972:-8.41762161
2972	-0.0117313247	2972:-0.0117313247;1473:-5.21542454
2014	-0.129439935	2014:-0.129439935;15771:-2.16320777
53983	-1.01328405e-05	53983:-1.01328405e-05;29935:-12.5236006
279	-0.000234810257	279:-0.000234810257;5952:-8.43278122
5952	-0.00130565732	5952:-0.00130565732;1622:-6.8419733
64700	-0.0127508687	64700:-0.0127508687;92217:-4.39130068
198	-0.0147468047	198:-0.0147468047;561:-4.23177242
262	-3.03988309e-05	262:-3.03988309e-05;9:-11.4218254
348	-0.00100466399	348:-0.00100466399;561:-7.64686346
256	-3.37367965e-05	256:-3.37367965e-05;262:-10.9389257
5261	-0.595030308	5261:-0.595030308;4319:-1.75358069
25	-0.000378680386	25:-0.000378680386;220:-8.02118397
4319	-0.00220356602	4319:-0.00220356602;20213:-7.23544359
6134	-1.19209999e-05	6134:-1.19209999e-05;15031:-12.665452
264	-0.00345324981	264:-0.00345324981;449:-5.82473278
5436	-0.0342085697	5436:-0.0342085697;13875:-4.03106117
440	-0.97787416	440:-0.97787416;795:-1.4602102
264	-0.0753237158	264:-0.0753237158;3050:-2.67663455
3050	-0.122194111	3050:-0.122194111;2574:-2.58497977
8240	-0.00695735868	8240:-0.00695735868;3878:-5.80684614
314	-2.58687505e-05	314:-2.58687505e-05;7289:-11.3974581
7289	-0.0578569435	7289:-0.0578569435;4336:-2.94721746
13	-0.198308125	13:-0.198308125;318:-1.76204598
198	-0.000120647077	198:-0.000120647077;7956:-9.5566082
262	-1.8596822e-05	262:-1.8596822e-05;285:-11.554635
348	-7.74863383e-06	348:-7.74863383e-06;2972:-13.5451727
256	-3.00411921e-05	256:-3.00411921e-05;262:-11.6139107
14606	-0.690940082	14606:-0.690940082;42794:-1.4024688
25	-0.0813460946	25:-0.0813460946;16484:-3.62050581
3648	-0.16803807	3648:-0.16803807;198:-2.7293613
5488	-0.00997820124	5488:-0.00997820124;1500:-4.79698277
791	-0.00138199411	791:-0.00138199411;321:-7.22457218
1500	-6.09178023e-05	1500:-6.09178023e-05;328:-11.4607658
11	-0.452780664	11:-0.452780664;13:-1.04452026
7854	-0.642821491	7854:-0.642821491;17933:-0.856642902
539	-0.0645946637	539:-0.0645946637;6849:-2.77833223
279	-0.100966483	279:-0.100966483;264:-3.05921268
4434	-0.960166752	4434:-0.960166752;1528:-0.996688724
5436	-0.0429081805	5436:-0.0429081805;1528:-3.46929598
8529	-0.012587402	8529:-0.012587402;2144:-5.09698963
1238	-0.709919393	1238:-0.709919393;318:-1.57186162
1396	-0.797897756	1396:-0.797897756;421:-1.11448133
5488	-0.00172214897	5488:-0.00172214897;3074:-7.2828064
13	-0.0322917625	13:-0.0322917625;318:-3.48872042
198	-0.00253037596	198:-0.00253037596;561:-7.89209127
262	-3.32599448e-05	262:-3.32599448e-05;285:-10.8850698
348	-0.000389353721	348:-0.000389353721;498:-8.01544571
256	-4.76848545e-05	256:-4.76848545e-05;262:-10.5115452
24093	-0.829220235	24093:-0.829220235;27344:-1.87253606
25	-0.115358502	25:-0.115358502;8240:-2.69055581
4336	-0.174329713	4336:-0.174329713;1510:-2.44692993
357	-0.00240119267	357:-0.00240119267;11:-6.38239098
11	-0.000932233816	11:-0.000932233816;1411:-7.47456694
4336	-7.54623252e-05	4336:-7.54623252e-05;2341:-10.1733274
417	-2.77761501e-05	417:-2.77761501e-05;357:-11.3175707
11	-3.45712906e-05	11:-3.45712906e-05;1076:-10.9773922
4336	-0.000338850194	4336:-0.000338850194;2423:-8.34158039
351	-5.5672288e-05	351:-5.5672288e-05;417:-10.692049
11	-5.87719078e-05	11:-5.87719078e-05;318:-10.1454182
2341	-0.000139007694	2341:-0.000139007694;4336:-9.06816673
11	-0.000192124222	11:-0.000192124222;318:-8.96827602
4336	-0.00031154239	4336:-0.00031154239;2341:-8.21229458
414	-2.02657848e-05	414:-2.02657848e-05;458:-12.2684946
11	-7.77274763e-05	11:-7.77274763e-05;1076:-10.9014902
4336	-3.80284873e-05	4336:-3.80284873e-05;2341:-10.54352
458	-4.82809264e-05	458:-4.82809264e-05;426:-10.8756247
11	-9.65599884e-06	11:-9.65599884e-06;318:-12.8383865
2341	-4.54197725e-05	2341:-4.54197725e-05;4336:-10.2375889
11	-3.2902306e-05	11:-3.2902306e-05;318:-11.0226698
2341	-1.81199757e-05	2341:-1.81199757e-05;4336:-11.1383352
11	-0.000109917004	11:-0.000109917004;318:-9.96293545
4336	-2.43189916e-05	4336:-2.43189916e-05;2341:-11.0944414
426	-4.69695624e-05	426:-4.69695624e-05;604:-11.1282892
11	-2.37229306e-05	11:-2.37229306e-05;318:-11.4836969
4336	-1.94313034e-05	4336:-1.94313034e-05;2341:-11.347435
469	-0.000313211844	469:-0.000313211844;462:-8.67994308
11	-1.76431313e-05	11:-1.76431313e-05;318:-12.3258171
4336	-0.000407361484	4336:-0.000407361484;2341:-8.12001133
462	-0.000152003398	462:-0.000152003398;469:-9.99023914
11	-2.32460825e-05	11:-2.32460825e-05;318:-11.3564415
2341	-9.19145896e-05	2341:-9.19145896e-05;4336:-9.34813309
11	-4.55389854e-05	11:-4.55389854e-05;318:-10.8297176
4336	-1.60933832e-05	4336:-1.60933832e-05;2341:-11.9454432
353	-0.000117070376	353:-0.000117070376;604:-9.16171551
11	-1.43052175e-05	11:-1.43052175e-05;318:-12.4434996
2341	-6.00832864e-05	2341:-6.00832864e-05;4336:-9.83818722
11	-2.70608743e-05	11:-2.70608743e-05;2341:-11.7734404
2341	-1.22786323e-05	2341:-1.22786323e-05;4336:-12.9421196
11	-0.000173166482	11:-0.000173166482;13:-9.09593391
4336	-4.00551253e-05	4336:-4.00551253e-05;2341:-10.3367119
604	-0.000211201565	604:-0.000211201565;353:-8.55179691
13	-0.00180120463	13:-0.00180120463;198:-6.78525209
198	-0.000691772322	198:-0.000691772322;271:-7.91179228
262	-1.44244277e-05	262:-1.44244277e-05;17:-12.434144
348	-7.98705423e-06	348:-7.98705423e-06;7061:-13.140727
256	-8.34468483e-06	256:-8.34468483e-06;262:-12.4763918
12650	-0.682310045	12650:-0.682310045;8984:-1.65642738
8984	-0.619987607	8984:-0.619987607;8001:-1.76647961
25	-0.684217393	25:-0.684217393;32666:-0.927720904
8001	-0.373939723	8001:-0.373939723;198:-2.36202073
279	-0.0584436357	279:-0.0584436357;1534:-2.87621546
1534	-0.00218737754	1534:-0.00218737754;5436:-6.65563726
5436	-0.00367301889	5436:-0.00367301889;1528:-5.62526655
494	-0.490651041	494:-0.490651041;318:-1.0954237
5445	-0.000178531845	5445:-0.000178531845;1844:-9.04858303
310	-0.000119454846	310:-0.000119454846;4534:-9.1120615
1844	-3.12333214e-05	1844:-3.12333214e-05;279:-11.4763155
321	-0.289187551	321:-0.289187551;13:-2.25240803
279	-0.00411737058	279:-0.00411737058;1103:-5.93584776
2400	-0.00212824158	2400:-0.00212824158;8240:-6.44889212
8240	-0.000112659123	8240:-0.000112659123;1103:-9.65244293
314	-1.43052175e-05	314:-1.43052175e-05;318:-11.3533888
40832	-9.14377088e-05	40832:-9.14377088e-05;2663:-10.595026
2663	-0.000284414215	2663:-0.000284414215;5255:-8.82470131
303	-0.133417636	303:-0.133417636;13:-2.09852266
1906	-0.00169826625	1906:-0.00169826625;279:-7.27739048
13	-0.0229736995	13:-0.0229736995;318:-3.80718184
271	-0.0231752302	271:-0.0231752302;198:-3.77985287
