# The ordered llama.cpp patch series, and the one authority that states it.
# verify-llama-patch-series.sh replays it, prepare-llama-vulkan-source.sh applies
# it, and build-llama-preset.sh reads it to decide what a build may declare, so a
# member added in one place and missed in another was a drift this file removes.
#
# `production` members apply in the order below onto the pinned commit and every
# promoted build compiles them. A `candidate` member is a backport under
# measurement: it applies after every production member, and a promotion moves
# its row to `production` together with the digest verify-llama-patch-series.sh
# pins for the file it rewrites.
#
# stage	patch
production	llama-vulkan-low-priority.patch
production	llama-no-cpu-fallback.patch
production	llama-vulkan-duty-cycle.patch
production	llama-vulkan-runtime-submit-limit.patch
production	llama-vulkan-submit-trace.patch
production	llama-router-tools-proxy.patch
production	llama-vulkan-view-alias-deps.patch
production	llama-server-natural-checkpoint-boundary.patch
production	llama-router-cancelled-load-idle.patch
candidate	llama-server-vulkan-workload-lease.patch
candidate	llama-vulkan-pipeline-census.patch
candidate	llama-server-prefix-checkpoint.patch
candidate	llama-vulkan-q4k-activation-group-sums.patch
candidate	llama-vulkan-q4k-activation-sideplane.patch
candidate	llama-vulkan-q4k-scale-word-select.patch
candidate	llama-vulkan-q4k-superblock-loop-licm.patch
candidate	llama-vulkan-q4k-variant-select.patch
candidate	llama-vulkan-q4k-int24-mmvq.patch
